{
  "format_version": "1.21.80",
  "minecraft:lighting_settings": {
    "description": {
      "identifier": "vrd:global"
    },
    "directional_lights": {
      "orbital": {
      "sun": {
        "illuminance": {
          "0.000000": 155,
          "0.280000": 40,
          "0.200000": 74,
          "0.680000": 30,
          "0.240000": 53,
          "0.250000": 90,
          "0.260000": 30,
          "0.270000": 30,
          "0.650000": 5,
          "0.290000": 20,
          "0.300000": 5,
          "0.310000": 45,
          "0.660000": 30,
          "0.670000": 30,
          "0.700000": 30,
          "0.770000": 47,
          "0.780000": 55,
          "0.800000": 155
        },
        "color": {
          "0.000000": [150, 130, 90],
          "0.100000": [ 255, 225,185 ],
          "0.140000": [ 255,205,115],
          "0.180000": [ 255, 120,40],
          "0.200000": [ 255, 95,40 ],
          "0.300000": [ 250,250,250 ],
          "0.670000": [ 250,250,250],
          "0.680000": [ 250,250,250 ],
          "0.690000": [ 250,250,250],
          "0.700000": [ 248, 119,99],
          "0.760000": [ 255, 136,70],
          "0.780000": [ 255, 96,10 ],
          "0.800000": [ 255, 176,108 ]
        }
      },
      "moon": {
        "illuminance": {
          "0.000000": 12
        },
        "color": {
          "0.000000": [250,250,250]
         }
      },
      "orbital_offset_degrees": {
        "0.000000": 320.0310974121094
      }
    },
    "flash": {
      "illuminance": 0.1,
      "color": [ 0, 0, 0 ]
    }
  },
    "emissive": {
      "desaturation": 0.29000000357627869
    },
    "ambient": {
      "illuminance": 0.1,
      "color": [0, 0, 0]
    },
    "sky": {
      "intensity": 0.45
    }
  }
}