{
  "format_version": "1.21.70",
  "minecraft:lighting_settings": {
    "description": {
       "identifier": "example:default_lighting"
       },
    "directional_lights": {
      "sun": {
        "illuminance": {
          "0.0": 90, //noon
          "0.19": 90, //day
          "0.22": 60, //early day
          "0.23": 30, //sunset 
          "0.24": 20, //sunset 
          "0.25": 1, //sunset 
          "0.26": 1, //sunset 
          "0.3":0.5, //NIGHT
          "0.3037499785423279":0.5, //NIGHT
          "0.3249999880790710":0.5, //NIGHT
          "0.5": 0.5,  //MIDNIGHT
          "0.6": 0.5,  //NIGHT
          "0.7074999809265137":0.5, //NIGHT
          "0.74": 1,//sunrise
          "0.75": 20,//sunrise
          "0.76": 30,//sunrise
          "0.78": 60, //early day
          "0.795": 90, //early day
          "0.81": 90 //day
        },
        "color": {
          "0.5": [245, 76, 15],
          "0.75": [245, 76, 15],
          "0.82": [200, 147, 102],
          "0.93": [195, 147, 102],
          "1.0": [195, 147, 102],
          "0.07": [195, 147, 102],
          "0.18": [200, 147, 102],
          "0.25": [245, 76, 15],
          "0.35": [245, 76, 15]
        }
      },
      "moon": {
        "illuminance": {
          "0.750000": 0.0,
          "0.000000": 0.0,
          "0.200000": 0.0,
          "1.000000": 0.0,
          "0.225000": 0.4000000059604645,
          "0.735000": 0.4000000059604645
        },
        "color": { 
          "0.000000": [163, 182, 255], 
          "1.000000": [163, 182, 255] }
      },
      "orbital_offset_degrees": { 
        "0.000000": 0.0 }
    },
    "emissive": { 
      "desaturation": 0.20000000149011612
       },
    "ambient": { 
      "color": [60,86,127],
       "illuminance": 0.019999999552965165
       },
    "sky": { "intensity": 0.5 }
  }
}
