{
  "format_version": "1.21.40",
  "minecraft:atmosphere_settings": {
    "description": {
      "identifier": "pog:base"
    },
    "sky_zenith_color": {
      "0.000000": [110,138,250],
      "0.100000": [145,185,246],
      "0.150000": [144,195,193],
      "0.180000": [145,185,246],
      "0.190000": [144,195,193],
      "0.200000": [145,185,246],
      "0.220000": [145,185,246],
      "0.230000": [85,110,130],
      "0.240000": [85,110,130],
      "0.250000": [4,21,45],
      "0.700000": [4,21,45],
      "0.710000": [38, 43,45],
      "0.720000": [68,55,75],
      "0.730000": [68,55,75],
      "0.740000": [68,55,75],
      "0.760000": [68,55,75],
      "0.780000": [133,185,180],
      "0.800000": [111,168,255]
    },
    "sky_horizon_color": {
      "0.000000": [152,209,237],
      "0.150000": [157,183,191],
      "0.180000": [237,166,61],
      "0.190000": [237,166,61],
      "0.220000": [255,160,80],
      "0.230000": [255,160,80],
      "0.240000": [255,140,40],
      "0.250000": [255,140,40],
      "0.260000": [91,49,35],
      "0.270000": [91,49,35],
      "0.300000": [19,39,56],
      "0.600000": [19,36,59],
      "0.690000": [15,35,55],
      "0.700000": [85,49,41],
      "0.710000": [85,49,41],
      "0.730000": [85,49,41],
      "0.740000": [183,104,77],
      "0.750000": [183,104,77],
      "0.780000": [193,114,61],
      "0.800000": [172,219,255]
    },
    "rayleigh_strength": {
      "0.000000": 0.7770000100135803,
      "0.200000": 1.1770000457763672,
      "0.150000": 0.7919999957084656,
      "0.250000": 0.550000011920929,
      "0.270000": 0.800000011920929,
      "0.320000": 3.0799999237060547,
      "0.290000": 0.2499999701976776,
      "0.300000": 3.377000093460083,
      "0.350000": 2.8350000381469727,
      "0.500000": 2.935999870300293,
      "0.600000": 0.40799999237060547,
      "0.700000": 1.0500000715255737,
      "0.730000": 1.2649999856948853,
      "0.750000": 1.2649999856948853,
      "0.780000": 1.3769999742507935,
      "0.800000": 0.9059999704360962
    },
    "sun_mie_strength": {
      "0.295000": 0.2,
      "0.000000": 0.2,
      "0.200000": 0.2,
      "0.250000": 0.2,
      "0.270000": 0.2,
      "0.290000": 0.2,
      "0.300000": 55.31999969482422,
      "0.400000": 55.23999786376953,
      "0.500000": 0.2,
      "0.740000": 8,
      "0.750000": 5,
      "0.780000": 5,
      "0.800000": 0.2,
      "1.000000": 0.2
    },
    "moon_mie_strength": {
      "0.750000": 7,
      "0.000000": 0,
      "0.250000": 0.30000001192092896,
      "0.300000": 4.480000019073486,
      "0.350000": 5.440000057220459,
      "0.730000": 0,
      "0.370000": 14.140000343322754,
      "0.500000": 0,
      "0.800000": 0,
      "1.000000": 0
    },
    "sun_glare_shape": {
      "0.000000": 5,
      "0.200000": 2.5,
      "0.250000": 2.5,
      "0.270000": 5,
      "0.300000": 1.2000000476837158,
      "0.400000": 3,
      "0.350000": 1.649999976158142,
      "0.500000": 4,
      "0.750000": 5,
      "0.800000": 7.199999809265137
    },
    "horizon_blend_stops": {
      "min": {
        "0.000000": 0.48399999737739563,
        "0.250000": 0.5109999775886536,
        "0.100000": 0.25,
        "0.190000": 0.75,
        "0.280000": 0.15000000596046448,
        "0.200000": 0.5109999775886536,
        "0.270000": 0.25,
        "0.300000": 0.4429999887943268,
        "0.400000": 0.4339999854564667,
        "0.500000": 0.3499999940395355,
        "0.600000": 0.3499999940395355,
        "0.650000": 0.25,
        "0.680000": 0.05000000074505806,
        "0.720000": 0.36000001192092896,
        "0.750000": 0.4300000023841858,
        "0.760000": 0.5099998354911804,
        "0.770000": 0.44999998807907104,
        "0.800000": 0.3919999897480011
      },
      "start": {
        "0.000000": 0.4519999921321869,
        "0.280000": 0.48399999737739563,
        "0.200000": 0.48399999737739563,
        "0.150000": 0.8529999852180481,
        "0.190000": 0.9100000262260437,
        "0.250000": 0.7229999899864197,
        "0.300000": 0.375,
        "0.500000": 0.5109999775886536,
        "0.600000": 0.6230000257492065,
        "0.680000": 0.10000000149011612,
        "0.720000": 0.46000001192092896,
        "0.750000": 0.5529999732971191,
        "0.760000": 0.48399999737739563,
        "0.770000": 0.5930000042915344,
        "0.800000": 0.3580000102519989
      },
      "mie_start": {
        "0.750000": 0.3192000091075897,
        "0.000000": 0.21000000834465027,
        "0.250000": 0.10000000149011612,
        "0.180000": 0.10000000149011612,
        "0.200000": 0.15000000596046448,
        "0.300000": 0.2484000027179718,
        "0.500000": 0.5916000008583069,
        "0.790000": 0.29760000109672546,
        "0.800000": 0.11800000071525574
      },
      "max": {
        "0.000000": 0.48399999737739563,
        "0.280000": 0.30000001192092896,
        "0.200000": 0.5609999895095825,
        "0.150000": 0.800000011920929,
        "0.190000": 1,
        "0.250000": 0.6000000238418579,
        "0.300000": 0.5199999809265137,
        "0.350000": 0.49300000071525574,
        "0.400000": 0.5929999947547913,
        "0.500000": 0.5929999947547913,
        "0.680000": 0.20000000298023224,
        "0.720000": 0.6000000059604645,
        "0.750000": 0.42100000381469727,
        "0.780000": 0.42100000381469727,
        "0.800000": 0.5
      }
    }
  }
}