{
  "format_version": "1.21.40",
  "minecraft:atmosphere_settings": {
    "description": {
       "identifier": "minecraft:default_atmospherics" },
    "sky_zenith_color": {
      "0.67": [15, 75, 60], //NIGHT
      "0.70": [15, 75, 60], //NIGHT
      "0.72": [15, 75, 60], //NIGHT
      "0.75": [130, 110, 120], //late-sunset
      "0.76": [115, 110, 120], //sunset
      "0.775": [115, 120, 140], //early sunset
      "0.82": [160, 172, 235], //day
      "0.0": [160, 172, 235], //noon
      "0.17": [160, 172, 235], //day
      "0.225": [115, 120, 140], //early sunset
      "0.24": [115, 110, 120], //sunset
      "0.25": [130, 110, 110], //late-sunset
      "0.29": [15, 75, 60], //NIGHT
      "0.32": [15, 75, 60], //NIGHT
      "0.50": [15, 75, 60],  //MIDNIGHT
      "0.60": [15, 75, 60]  //NIGHT
    },
    "sky_horizon_color": {
      "0.67": [50, 175, 235], //NIGHT
      "0.70": [50, 175, 235], //NIGHT
      "0.72": [50, 175, 235], //NIGHT
      "0.75": [240, 140, 100], //late-sunset
      "0.76": [240, 130, 120], //sunset
      "0.78": [230, 130, 90], //early sunset
      "0.82": [245, 232, 255], //day
      "0.0": [245, 232, 255], //noon
      "0.17": [232, 232, 255], //day
      "0.22": [230, 130, 90], //early sunset
      "0.24": [240, 130, 120], //sunset
      "0.25": [240, 140, 100], //late-sunset
      "0.29": [50, 175, 235], //NIGHT
      "0.32": [50, 175, 235], //NIGHT
      "0.50": [50, 175, 235],  //MIDNIGHT
      "0.60": [50, 175, 235]  //NIGHT
    },
    "rayleigh_strength": {
  "0.000000": 2.0,   // đêm
  "0.250000": 6.0,   // bình minh
  "0.500000": 8.0,   // trưa
  "0.750000": 6.0,   // hoàng hôn
  "1.000000": 2.0    // đêm
},

"sun_mie_strength": {
  "0.000000": 0.0,
  "0.200000": 0.4,   // sáng sớm quầng nhẹ
  "0.250000": 1.0,   // bình minh đỏ rực
  "0.500000": 0.6,   // trưa quầng vừa
  "0.750000": 1.0,   // hoàng hôn rực
  "0.900000": 0.4,
  "1.000000": 0.0
},

"moon_mie_strength": {
  "0.000000": 0.2,   // quầng trăng mờ
  "0.500000": 0.3,   // trăng sáng nhất giữa đêm
  "1.000000": 0.2
},

"sun_glare_shape": {
  "0.000000": 0.0,
  "0.200000": 0.05,
  "0.250000": 0.1,   // flare rõ nhất lúc bình minh
  "0.500000": 0.07,  // ban trưa flare vừa
  "0.750000": 0.1,   // flare mạnh lúc hoàng hôn
  "1.000000": 0.0
},

"horizon_blend_stops": {
  "min": { "0.000000": 0.0, "1.000000": 0.0 },
  "start": {
    "0.000000": 0.7,
    "0.250000": 0.9,  // bình minh sáng cam
    "0.500000": 0.5,  // trưa trong xanh
    "0.750000": 0.9,  // hoàng hôn đỏ
    "1.000000": 0.7
  },
  "mie_start": {
    "0.000000": 0.6,
    "0.200000": 1.0,
    "0.500000": 0.7,
    "0.750000": 1.0,
    "1.000000": 0.6
  },
  "max": { "0.000000": 0.3, "1.000000": 0.3 }
}
  }
}
