{
  "format_version": "1.21.40",
  "minecraft:atmosphere_settings": {
    "description": {
       "identifier": "minecraft:default_atmospherics" },
    "sky_zenith_color": {
      "0.67": [15, 75, 60], //NIGHT
      "0.70": [15, 75, 60], //NIGHT
      "0.72": [15, 75, 60], //NIGHT
      "0.75": [130, 110, 120], //late-sunset
      "0.76": [115, 110, 120], //sunset
      "0.775": [115, 120, 140], //early sunset
      "0.82": [160, 172, 235], //day
      "0.0": [160, 172, 235], //noon
      "0.17": [160, 172, 235], //day
      "0.225": [115, 120, 140], //early sunset
      "0.24": [115, 110, 120], //sunset
      "0.25": [130, 110, 110], //late-sunset
      "0.29": [15, 75, 60], //NIGHT
      "0.32": [15, 75, 60], //NIGHT
      "0.50": [15, 75, 60],  //MIDNIGHT
      "0.60": [15, 75, 60]  //NIGHT
    },
    "sky_horizon_color": {
      "0.67": [50, 175, 235], //NIGHT
      "0.70": [50, 175, 235], //NIGHT
      "0.72": [50, 175, 235], //NIGHT
      "0.75": [240, 140, 100], //late-sunset
      "0.76": [240, 130, 120], //sunset
      "0.78": [230, 130, 90], //early sunset
      "0.82": [245, 232, 255], //day
      "0.0": [245, 232, 255], //noon
      "0.17": [232, 232, 255], //day
      "0.22": [230, 130, 90], //early sunset
      "0.24": [240, 130, 120], //sunset
      "0.25": [240, 140, 100], //late-sunset
      "0.29": [50, 175, 235], //NIGHT
      "0.32": [50, 175, 235], //NIGHT
      "0.50": [50, 175, 235],  //MIDNIGHT
      "0.60": [50, 175, 235]  //NIGHT
    },
    "rayleigh_strength": {
      "0.000000": 10.0,
      "0.717412": 5.0,
      "0.330402": 5.0,
      "0.138743": 10.0,
      "0.250000": 5.0,
      "0.640704": 5.0,
      "0.929310": 10.0,
      "1.000000": 10.0
    },
    "sun_mie_strength": {
      "0.800000": 0.0,
      "0.750000": 0.75,
      "0.000000": 0.0,
      "0.200000": 0.0,
      "0.250000": 0.75,
      "0.400000": 0.0,
      "0.600000": 0.0,
      "1.000000": 0.0
    },
    "moon_mie_strength": { "0.000000": 0.0, "1.000000": 0.0 },
    "sun_glare_shape": {
      "0.800000": 0.0,
      "0.750000": 0.05000000074505806,
      "0.000000": 0.0,
      "0.200000": 0.0,
      "0.250000": 0.07377050071954727,
      "0.400000": 0.0,
      "0.600000": 0.0,
      "1.000000": 0.0
    },
    "horizon_blend_stops": {
      "min": { "0.000000": 0.0, "1.000000": 0.0 },
      "start": {
        "0.750000": 0.25,
        "0.000000": 0.800000011920929,
        "0.827004": 0.5,
        "0.250000": 0.5,
        "0.300912": 0.25,
        "1.000000": 0.800000011920929
      },
      "mie_start": {
        "0.800000": 1.0,
        "0.000000": 0.5,
        "0.900000": 0.5,
        "0.100000": 0.5,
        "0.200000": 1.0,
        "1.000000": 0.5
      },
      "max": { "0.000000": 0.25, "1.000000": 0.25 }
    }
  }
}
