{
  "format_version": "1.21.80",
  "minecraft:water_settings": {
    "description": { 
      "identifier": "norh:default_water"
       },
    
    "particle_concentrations": { 
      "chlorophyll": 0.05000000074505806,
       "suspended_sediment": 6.0,
       "cdom": 0.0
       },
    "caustics": {
       "enabled": true,
       "frame_length": 0.05000000074505806,
       "texture": "textures/causticsLow/caustics.png",
       "scale": 0.5,
       "power": 2
       },
    "waves": {
      "enabled": true,
      "frequency": 0.5799999833106995,
      "octaves": 18,
      "depth": 0.5,
      "sampleWidth": 0.009999999776482582,
      "speed": 0.5,
      "pull": 0.3799999952316284,
      "mix": 0.20000000298023225,
      "frequency_scaling": 1.2000000476837159,
      "speed_scaling": 1.0299999713897706,
      "direction_increment": 80.0,
      "shape": 2.3
    }
  }
}
